Family,Species,Head_Width,SVLCryptobranchidae,Cryptobranchus_alleganiensis,,Cryptobranchidae,Andrias_davidianus,,Cryptobranchidae,Andrias_japonicus,,Hynobiidae,Onychodactylus_japonicus,10.21,78.03Hynobiidae,Onychodactylus_japonicus,8.12,63.61Hynobiidae,Onychodactylus_japonicus,9.2,71.72Hynobiidae,Onychodactylus_japonicus,8.36,64.78Hynobiidae,Ranodon_sibiricus,14.21,75.83Hynobiidae,Ranodon_sibiricus,18.33,98.54Hynobiidae,Ranodon_sibiricus,15.01,75.49Hynobiidae,Batrachuperus_pinchonii,12.95,74.6Hynobiidae,Batrachuperus_pinchonii,13.86,70.84Hynobiidae,Batrachuperus_pinchonii,11.29,73.7Hynobiidae,Batrachuperus_pinchonii,11.71,77.05Hynobiidae,Batrachuperus_pinchonii,10.89,78.73Hynobiidae,Hynobius_lichenatus,9.55,52.58Hynobiidae,Hynobius_lichenatus,10.54,64.49Hynobiidae,Hynobius_lichenatus,10.2,57.76Hynobiidae,Hynobius_lichenatus,9.97,57.5Hynobiidae,Hynobius_lichenatus,10.94,65.4Hynobiidae,Hynobius_nigrescens,12.37,72.46Hynobiidae,Hynobius_nigrescens,13.26,74.77Hynobiidae,Hynobius_nigrescens,13.84,72.96Hynobiidae,Hynobius_nigrescens,13.58,75.07Hynobiidae,Hynobius_nigrescens,12.46,66.61Ambystomatidae,Dicamptodon_ensatus,20.08,111.35Ambystomatidae,Dicamptodon_ensatus,20.37,114.14Ambystomatidae,Dicamptodon_ensatus,18.11,99.55Ambystomatidae,Dicamptodon_ensatus,21.84,115.82Ambystomatidae,Dicamptodon_ensatus,21.58,123.65Ambystomatidae,Dicamptodon_copei,13.34,80.43Ambystomatidae,Dicamptodon_copei,12.64,88.56Ambystomatidae,Dicamptodon_copei,12.47,79.91Ambystomatidae,Dicamptodon_copei,12.42,76.73Ambystomatidae,Dicamptodon_copei,13.91,85.95Ambystomatidae,Ambystoma_talpoideum,12.2,59.34Ambystomatidae,Ambystoma_talpoideum,12.4,58.48Ambystomatidae,Ambystoma_talpoideum,13.01,61.1Ambystomatidae,Ambystoma_talpoideum,13.2,53.24Ambystomatidae,Ambystoma_talpoideum,11.33,53.12Ambystomatidae,Ambystoma_gracile,19.26,94Ambystomatidae,Ambystoma_gracile,21.19,104.7Ambystomatidae,Ambystoma_gracile,18.82,93.71Ambystomatidae,Ambystoma_gracile,18.6,87.03Ambystomatidae,Ambystoma_gracile,20.43,101.37Ambystomatidae,Ambystoma_opacum,8.38,44.1Ambystomatidae,Ambystoma_opacum,9.86,60.72Ambystomatidae,Ambystoma_opacum,10.5,56.49Ambystomatidae,Ambystoma_opacum,10.14,61.62Ambystomatidae,Ambystoma_opacum,9.46,56.17Ambystomatidae,Ambystoma_cingulatum,7.16,61.07Ambystomatidae,Ambystoma_cingulatum,7.3,57.05Ambystomatidae,Ambystoma_cingulatum,7.99,63.24Ambystomatidae,Ambystoma_cingulatum,7.57,64.48Ambystomatidae,Ambystoma_cingulatum,7.5,59.62Ambystomatidae,Ambystoma_maculatum,17.15,106.65Ambystomatidae,Ambystoma_maculatum,14.34,87.59Ambystomatidae,Ambystoma_maculatum,14.58,90.35Ambystomatidae,Ambystoma_maculatum,16.37,108.93Ambystomatidae,Ambystoma_maculatum,14.66,89.5Ambystomatidae,Ambystoma_jeffersonianum,12.39,91.45Ambystomatidae,Ambystoma_jeffersonianum,13.24,87.46Ambystomatidae,Ambystoma_jeffersonianum,12.79,90.19Ambystomatidae,Ambystoma_jeffersonianum,12.62,82.45Ambystomatidae,Ambystoma_jeffersonianum,13.04,82.56Ambystomatidae,Ambystoma_laterale,7.02,44.69Ambystomatidae,Ambystoma_laterale,6,40.35Ambystomatidae,Ambystoma_laterale,9.66,62.92Ambystomatidae,Ambystoma_laterale,5.49,33.59Ambystomatidae,Ambystoma_laterale,7.44,55.75Ambystomatidae,Ambystoma_mabeei,8.49,59.97Ambystomatidae,Ambystoma_mabeei,8.71,65.2Ambystomatidae,Ambystoma_mabeei,8.44,62.04Ambystomatidae,Ambystoma_mabeei,8.05,58.43Ambystomatidae,Ambystoma_mabeei,8.04,62.74Ambystomatidae,Ambystoma_texanum,9.78,81.8Ambystomatidae,Ambystoma_texanum,8,70.03Ambystomatidae,Ambystoma_texanum,9.76,89.88Ambystomatidae,Ambystoma_texanum,9.54,81.59Ambystomatidae,Ambystoma_texanum,10.79,88.27Ambystomatidae,Ambystoma_barbouri,8.88,76.95Ambystomatidae,Ambystoma_barbouri,10.7,91.36Ambystomatidae,Ambystoma_barbouri,8.62,67.32Ambystomatidae,Ambystoma_barbouri,10.62,86.11Ambystomatidae,Ambystoma_barbouri,8.94,65.32Ambystomatidae,Ambystoma_macrodactylum,9.3,71.22Ambystomatidae,Ambystoma_macrodactylum,9.14,62.25Ambystomatidae,Ambystoma_macrodactylum,9.12,65.68Ambystomatidae,Ambystoma_macrodactylum,9.45,62.02Ambystomatidae,Ambystoma_macrodactylum,9.67,68.83Ambystomatidae,Ambystoma_californiense,18.12,94.14Ambystomatidae,Ambystoma_californiense,18.05,102.02Ambystomatidae,Ambystoma_californiense,18.81,100.78Ambystomatidae,Ambystoma_californiense,19.65,103.18Ambystomatidae,Ambystoma_californiense,18.89,97.85Ambystomatidae,Ambystoma_tigrinum,17.61,105.86Ambystomatidae,Ambystoma_tigrinum,18.05,99.97Ambystomatidae,Ambystoma_tigrinum,16.87,96.41Ambystomatidae,Ambystoma_tigrinum,19.39,109.43Ambystomatidae,Ambystoma_tigrinum,22.11,109.81Ambystomatidae,Ambystoma_ordinarium,16.22,79.5Ambystomatidae,Ambystoma_ordinarium,15.13,71.8Ambystomatidae,Ambystoma_ordinarium,13.37,70.34Ambystomatidae,Ambystoma_ordinarium,16.52,78.8Ambystomatidae,Ambystoma_ordinarium,16.67,71.58Ambystomatidae,Ambystoma_mexicanum,29.27,118.99Ambystomatidae,Ambystoma_mexicanum,28.88,114.04Ambystomatidae,Ambystoma_mexicanum,21.69,87.81Ambystomatidae,Ambystoma_mexicanum,20.59,80.51Ambystomatidae,Ambystoma_mexicanum,22.39,85.39Ambystomatidae,Ambystoma_dumerilii,41.85,132.85Ambystomatidae,Ambystoma_dumerilii,44.49,138.44Ambystomatidae,Ambystoma_dumerilii,39.95,120.84Ambystomatidae,Ambystoma_dumerilii,34.59,98.74Ambystomatidae,Ambystoma_dumerilii,44.75,133.76Ambystomatidae,Ambystoma_andersoni,30.5,114.06Ambystomatidae,Ambystoma_andersoni,32.17,121.44Ambystomatidae,Ambystoma_andersoni,28.46,99.96Ambystomatidae,Ambystoma_andersoni,29.82,94.44Ambystomatidae,Ambystoma_andersoni,27.14,95.14Salamandridae,Salamandrina_terdigitata,6.1,36.2Salamandridae,Salamandrina_terdigitata,5.75,31.91Salamandridae,Salamandrina_terdigitata,5.42,36.86Salamandridae,Mertensiella_caucasica,9.53,70.11Salamandridae,Mertensiella_caucasica,9.86,68Salamandridae,Salamandra_salamandra,16.78,103.24Salamandridae,Salamandra_salamandra,19.59,109.53Salamandridae,Salamandra_salamandra,17.47,94.17Salamandridae,Salamandra_salamandra,14.72,76.62Salamandridae,Salamandra_salamandra,15.09,76.18Salamandridae,Salamandra_atra,13.15,76.16Salamandridae,Salamandra_atra,11.13,75.1Salamandridae,Salamandra_atra,12.22,66.8Salamandridae,Salamandra_atra,12.41,68.71Salamandridae,Pleurodeles_waltl,16.06,75.52Salamandridae,Pleurodeles_waltl,16.12,75.73Salamandridae,Pleurodeles_waltl,16.74,75.09Salamandridae,Pleurodeles_waltl,14.89,77.15Salamandridae,Pleurodeles_waltl,12.25,70.27Salamandridae,Echinotriton_andersoni,7.8,31.38Salamandridae,Echinotriton_andersoni,8.1,32.73Salamandridae,Echinotriton_andersoni,8.34,31.3Salamandridae,Echinotriton_andersoni,6.92,28.66Salamandridae,Echinotriton_andersoni,7.37,28.47Salamandridae,Tylototriton_shanjing,15.47,81.04Salamandridae,Tylototriton_shanjing,17.66,80.92Salamandridae,Tylototriton_shanjing,15,72.74Salamandridae,Tylototriton_shanjing,17.48,86.54Salamandridae,Tylototriton_shanjing,18.06,82.4Salamandridae,Notophthalmus_meridionalis,9.13,45.98Salamandridae,Notophthalmus_meridionalis,9.87,49.52Salamandridae,Notophthalmus_meridionalis,9.2,44.19Salamandridae,Notophthalmus_meridionalis,9.03,45.46Salamandridae,Notophthalmus_meridionalis,9.33,49.09Salamandridae,Notophthalmus_viridescens,7.46,42.09Salamandridae,Notophthalmus_viridescens,7.81,47.04Salamandridae,Notophthalmus_viridescens,7.64,40.94Salamandridae,Notophthalmus_viridescens,7.43,43.08Salamandridae,Notophthalmus_viridescens,8.83,49.49Salamandridae,Notophthalmus_perstriatus,5.05,30.29Salamandridae,Notophthalmus_perstriatus,5.7,36.69Salamandridae,Notophthalmus_perstriatus,5,29.56Salamandridae,Notophthalmus_perstriatus,4.97,28.54Salamandridae,Notophthalmus_perstriatus,5.21,30.91Salamandridae,Taricha_rivularis,14.7,76.96Salamandridae,Taricha_rivularis,14.34,74.63Salamandridae,Taricha_rivularis,14.27,75.02Salamandridae,Taricha_rivularis,14.98,79.27Salamandridae,Taricha_rivularis,14.97,74.31Salamandridae,Taricha_granulosa,15.08,76.28Salamandridae,Taricha_granulosa,15.8,73.54Salamandridae,Taricha_granulosa,14.67,73.32Salamandridae,Taricha_granulosa,16.18,78.68Salamandridae,Taricha_granulosa,15.31,78.74Salamandridae,Taricha_torosa,18.09,89.26Salamandridae,Taricha_torosa,14.54,75.8Salamandridae,Taricha_torosa,14.08,69.05Salamandridae,Taricha_torosa,13.73,74.91Salamandridae,Taricha_torosa,14.59,71.42Salamandridae,Cynops_pyrrhogaster,12.76,73.35Salamandridae,Cynops_pyrrhogaster,16.51,84.82Salamandridae,Cynops_pyrrhogaster,11.52,65.36Salamandridae,Cynops_pyrrhogaster,12.57,60.96Salamandridae,Cynops_pyrrhogaster,12.32,65.11Salamandridae,Cynops_ensicauda,12.94,66.34Salamandridae,Cynops_ensicauda,12.01,64.8Salamandridae,Cynops_ensicauda,13.94,73.48Salamandridae,Cynops_ensicauda,14.5,69.8Salamandridae,Cynops_ensicauda,11.94,67.72Salamandridae,Cynops_cyanurus,10.26,53Salamandridae,Cynops_cyanurus,10.6,58.92Salamandridae,Cynops_cyanurus,10.44,55.53Salamandridae,Cynops_cyanurus,9.34,52.43Salamandridae,Cynops_cyanurus,10.64,60.45Salamandridae,Pachytriton_labiatus,17.11,89.92Salamandridae,Pachytriton_labiatus,17.17,92.44Salamandridae,Pachytriton_labiatus,18.2,99.41Salamandridae,Pachytriton_labiatus,15.83,92.34Salamandridae,Pachytriton_labiatus,15.34,84.7Salamandridae,Pachytriton_brevipes,10.7,66.76Salamandridae,Pachytriton_brevipes,11.13,71.77Salamandridae,Paramesotriton_chinensis,15.14,78.89Salamandridae,Paramesotriton_chinensis,15.39,74.87Salamandridae,Paramesotriton_chinensis,16.97,79.5Salamandridae,Paramesotriton_chinensis,14.45,74.1Salamandridae,Paramesotriton_chinensis,16.53,80.1Salamandridae,Paramesotriton_hongkongensis,15.33,69.67Salamandridae,Paramesotriton_hongkongensis,16.68,80.75Salamandridae,Paramesotriton_hongkongensis,15.58,74.44Salamandridae,Paramesotriton_hongkongensis,15.1,77.01Salamandridae,Paramesotriton_hongkongensis,13.68,67.05Salamandridae,Paramesotriton_guangxiensis,14.91,63.5Salamandridae,Paramesotriton_guangxiensis,15.47,76.23Salamandridae,Paramesotriton_guangxiensis,15.66,75.24Salamandridae,Paramesotriton_guangxiensis,15.84,71.54Salamandridae,Neurergus_kaiseri,8.98,47.05Salamandridae,Neurergus_kaiseri,8.99,49.36Salamandridae,Neurergus_kaiseri,8.82,45.48Salamandridae,Neurergus_kaiseri,8.37,42.84Salamandridae,Triturus_marmoratus,12.9,73.02Salamandridae,Triturus_marmoratus,13.41,68.51Salamandridae,Triturus_marmoratus,12.61,63.04Salamandridae,Triturus_marmoratus,11.52,65.67Salamandridae,Triturus_marmoratus,10.29,61.13Salamandridae,Triturus_cristatus,11.07,69.06Salamandridae,Triturus_cristatus,9.9,66.52Salamandridae,Triturus_cristatus,9.75,58.49Salamandridae,Triturus_cristatus,7.5,59.96Salamandridae,Triturus_cristatus,10.9,69.09Salamandridae,Triturus_carnifex,12.28,72.14Salamandridae,Triturus_carnifex,11.38,65.33Salamandridae,Triturus_carnifex,9.16,48.7Rhyacotritonidae,Rhyacotriton_olympicus,8.13,54.68Rhyacotritonidae,Rhyacotriton_olympicus,7.02,52.5Rhyacotritonidae,Rhyacotriton_olympicus,7,49.45Rhyacotritonidae,Rhyacotriton_olympicus,7.3,50.87Rhyacotritonidae,Rhyacotriton_olympicus,6.63,46.55Plethodontidae,Ensatina_eschscholtzii,9.8,59.78Plethodontidae,Ensatina_eschscholtzii,9.34,58.25Plethodontidae,Ensatina_eschscholtzii,9.31,58.06Plethodontidae,Ensatina_eschscholtzii,9.32,56.54Plethodontidae,Ensatina_eschscholtzii,9.24,59.53Plethodontidae,Hydromantes_shastae,9.22,59.09Plethodontidae,Hydromantes_shastae,9.2,59.69Plethodontidae,Hydromantes_shastae,8.34,52.88Plethodontidae,Hydromantes_shastae,9.95,63.73Plethodontidae,Hydromantes_shastae,9.03,60.46Plethodontidae,Hydromantes_brunus,9.34,53.75Plethodontidae,Hydromantes_brunus,11,63.74Plethodontidae,Hydromantes_brunus,10.06,61.81Plethodontidae,Hydromantes_brunus,7.52,40.7Plethodontidae,Hydromantes_platycephalus,9.15,54.04Plethodontidae,Hydromantes_platycephalus,9.41,55.01Plethodontidae,Hydromantes_platycephalus,9.56,51.36Plethodontidae,Hydromantes_platycephalus,8.46,49.25Plethodontidae,Hydromantes_platycephalus,9,49.61Plethodontidae,Hydromantes_italicus,8.34,56.95Plethodontidae,Hydromantes_italicus,8.05,54.74Plethodontidae,Hydromantes_genei,9.59,57.29Plethodontidae,Hydromantes_genei,7.64,44.21Plethodontidae,Hydromantes_imperialis,11.21,73.12Plethodontidae,Hydromantes_imperialis,10.93,70.43Plethodontidae,Hydromantes_flavus,12.22,68.58Plethodontidae,Hydromantes_flavus,10.2,59.28Plethodontidae,Hydromantes_supramontis,10.26,63.13Plethodontidae,Aneides_aeneus,10.38,58.78Plethodontidae,Aneides_aeneus,10.36,65.65Plethodontidae,Aneides_aeneus,10.07,60.86Plethodontidae,Aneides_aeneus,9.87,58.59Plethodontidae,Aneides_aeneus,11.24,61.4Plethodontidae,Aneides_hardii,8.2,60.95Plethodontidae,Aneides_hardii,8.64,59.62Plethodontidae,Aneides_hardii,7.91,57.74Plethodontidae,Aneides_hardii,9.23,61.21Plethodontidae,Aneides_hardii,8.99,55.06Plethodontidae,Aneides_lugubris,11.15,67.45Plethodontidae,Aneides_lugubris,12.11,68.56Plethodontidae,Aneides_lugubris,14.4,68.97Plethodontidae,Aneides_lugubris,13.81,75.5Plethodontidae,Aneides_lugubris,14.09,72.62Plethodontidae,Aneides_flavipunctatus,10.73,71.79Plethodontidae,Aneides_flavipunctatus,9.71,64.77Plethodontidae,Aneides_flavipunctatus,12.04,68.1Plethodontidae,Aneides_flavipunctatus,10.57,69.79Plethodontidae,Aneides_flavipunctatus,13.55,81.52Plethodontidae,Aneides_ferreus,12.1,68.2Plethodontidae,Aneides_ferreus,10.46,62.55Plethodontidae,Aneides_ferreus,9.31,60.02Plethodontidae,Aneides_ferreus,9.78,63.85Plethodontidae,Aneides_ferreus,11.52,70.84Plethodontidae,Phaeognathus_hubrichti,12.04,101.9Plethodontidae,Phaeognathus_hubrichti,11.75,104.61Plethodontidae,Phaeognathus_hubrichti,10.91,91.38Plethodontidae,Phaeognathus_hubrichti,10.13,89.03Plethodontidae,Phaeognathus_hubrichti,11.43,105.05Plethodontidae,Desmognathus_wrighti,4.29,30.42Plethodontidae,Desmognathus_wrighti,4.14,29.82Plethodontidae,Desmognathus_wrighti,3.53,26.93Plethodontidae,Desmognathus_wrighti,3.9,28.86Plethodontidae,Desmognathus_wrighti,3.81,25.49Plethodontidae,Desmognathus_quadramaculatus,13.7,69.75Plethodontidae,Desmognathus_quadramaculatus,13.69,78.77Plethodontidae,Desmognathus_quadramaculatus,12.73,77.25Plethodontidae,Desmognathus_quadramaculatus,14.82,93.21Plethodontidae,Desmognathus_quadramaculatus,18.36,86.31Plethodontidae,Desmognathus_marmoratus,11.1,65.48Plethodontidae,Desmognathus_marmoratus,11.4,67.8Plethodontidae,Desmognathus_marmoratus,10.14,60.17Plethodontidae,Desmognathus_marmoratus,11.4,67.34Plethodontidae,Desmognathus_marmoratus,11.77,68.26Plethodontidae,Desmognathus_imitator,7.75,46.62Plethodontidae,Desmognathus_imitator,6.82,47.59Plethodontidae,Desmognathus_imitator,6.63,46.31Plethodontidae,Desmognathus_imitator,6.83,44.79Plethodontidae,Desmognathus_imitator,6.04,37.5Plethodontidae,Desmognathus_aeneus,3.52,25.74Plethodontidae,Desmognathus_aeneus,3.41,24.72Plethodontidae,Desmognathus_aeneus,3.74,25.84Plethodontidae,Desmognathus_aeneus,3.15,20.99Plethodontidae,Desmognathus_aeneus,3.29,25.05Plethodontidae,Desmognathus_ochrophaeus,7.01,44.17Plethodontidae,Desmognathus_ochrophaeus,8.68,48.36Plethodontidae,Desmognathus_ochrophaeus,7.34,43.48Plethodontidae,Desmognathus_ochrophaeus,7.21,49.37Plethodontidae,Desmognathus_ochrophaeus,8.19,49.23Plethodontidae,Desmognathus_monticola,12.68,67.04Plethodontidae,Desmognathus_monticola,10.72,68.68Plethodontidae,Desmognathus_monticola,12.21,78Plethodontidae,Desmognathus_monticola,12.09,69.61Plethodontidae,Desmognathus_monticola,9.89,64.72Plethodontidae,Desmognathus_welteri,10.98,76.48Plethodontidae,Desmognathus_welteri,9.96,63.16Plethodontidae,Desmognathus_welteri,12.17,80.12Plethodontidae,Desmognathus_welteri,13.5,86.46Plethodontidae,Desmognathus_welteri,10.88,71.05Plethodontidae,Desmognathus_fuscus,8.52,59.45Plethodontidae,Desmognathus_fuscus,9.47,60Plethodontidae,Desmognathus_fuscus,9.24,53.35Plethodontidae,Desmognathus_fuscus,8.34,59.75Plethodontidae,Desmognathus_fuscus,9.9,64.15Plethodontidae,Desmognathus_auriculatus,7.24,43.73Plethodontidae,Desmognathus_auriculatus,7.05,43.45Plethodontidae,Desmognathus_auriculatus,7.78,56.54Plethodontidae,Desmognathus_auriculatus,7.16,46.43Plethodontidae,Desmognathus_auriculatus,6.24,42.3Plethodontidae,Desmognathus_apalachicolae,7.62,43.93Plethodontidae,Desmognathus_apalachicolae,7.12,40.98Plethodontidae,Desmognathus_brimleyorum,15.45,84.56Plethodontidae,Desmognathus_brimleyorum,13.3,75.06Plethodontidae,Desmognathus_brimleyorum,9.89,63.18Plethodontidae,Desmognathus_brimleyorum,12.56,76.71Plethodontidae,Desmognathus_brimleyorum,12.7,74.01Plethodontidae,Desmognathus_santeetlah,8.11,55.22Plethodontidae,Desmognathus_santeetlah,6.98,48.3Plethodontidae,Desmognathus_santeetlah,8.37,50.15Plethodontidae,Desmognathus_santeetlah,8.93,52.5Plethodontidae,Desmognathus_santeetlah,7.28,48.03Plethodontidae,Plethodon_neomexicanus,6.87,60.08Plethodontidae,Plethodon_neomexicanus,6.64,64.89Plethodontidae,Plethodon_neomexicanus,7.52,68.34Plethodontidae,Plethodon_neomexicanus,7.69,68.73Plethodontidae,Plethodon_neomexicanus,6.44,62.21Plethodontidae,Plethodon_larselli,6.92,56.67Plethodontidae,Plethodon_larselli,6.11,48.86Plethodontidae,Plethodon_larselli,6.59,50.78Plethodontidae,Plethodon_larselli,6.13,46.42Plethodontidae,Plethodon_larselli,6.37,48.94Plethodontidae,Plethodon_vandykei,7.92,62.85Plethodontidae,Plethodon_vandykei,7.79,59.28Plethodontidae,Plethodon_vandykei,7,57.75Plethodontidae,Plethodon_vandykei,8.33,61.15Plethodontidae,Plethodon_vandykei,7.88,61.29Plethodontidae,Plethodon_dunni,8.57,65.87Plethodontidae,Plethodon_dunni,7.55,57.26Plethodontidae,Plethodon_dunni,8.74,65.05Plethodontidae,Plethodon_dunni,9.31,67.21Plethodontidae,Plethodon_dunni,8.75,64.8Plethodontidae,Plethodon_vehiculum,5.24,45.03Plethodontidae,Plethodon_vehiculum,5.04,47.46Plethodontidae,Plethodon_vehiculum,5.31,47.4Plethodontidae,Plethodon_vehiculum,5.47,47.19Plethodontidae,Plethodon_vehiculum,5.32,47.48Plethodontidae,Plethodon_asupak,8.74,67.06Plethodontidae,Plethodon_asupak,7.88,68.95Plethodontidae,Plethodon_asupak,8.41,66.15Plethodontidae,Plethodon_asupak,7.68,61.67Plethodontidae,Plethodon_asupak,8.07,67.24Plethodontidae,Plethodon_stormi,8.13,64.31Plethodontidae,Plethodon_stormi,7.62,66.07Plethodontidae,Plethodon_stormi,7.86,67.83Plethodontidae,Plethodon_stormi,7.92,67.62Plethodontidae,Plethodon_stormi,8.33,67.87Plethodontidae,Plethodon_elongatus,7.59,64.44Plethodontidae,Plethodon_elongatus,8.41,67.13Plethodontidae,Plethodon_elongatus,7.83,60.73Plethodontidae,Plethodon_elongatus,7.8,63.47Plethodontidae,Plethodon_elongatus,7.13,59.11Plethodontidae,Plethodon_serratus,4.46,41.5Plethodontidae,Plethodon_serratus,4.34,41.04Plethodontidae,Plethodon_serratus,4.98,47.14Plethodontidae,Plethodon_serratus,4.92,40.9Plethodontidae,Plethodon_cinereus,5.2,47.72Plethodontidae,Plethodon_cinereus,5.14,44.85Plethodontidae,Plethodon_cinereus,5.13,45.45Plethodontidae,Plethodon_cinereus,5.25,47.1Plethodontidae,Plethodon_cinereus,5.2,47.24Plethodontidae,Plethodon_nettingi,5.19,45.02Plethodontidae,Plethodon_nettingi,5.91,44.25Plethodontidae,Plethodon_nettingi,5.38,41.85Plethodontidae,Plethodon_nettingi,5.61,45.62Plethodontidae,Plethodon_nettingi,5.99,45.42Plethodontidae,Plethodon_richmondi,5.05,57.72Plethodontidae,Plethodon_richmondi,5.1,55.76Plethodontidae,Plethodon_richmondi,5.39,54.59Plethodontidae,Plethodon_richmondi,5.02,48.87Plethodontidae,Plethodon_richmondi,4.94,48.96Plethodontidae,Plethodon_wehrlei,6.43,59.74Plethodontidae,Plethodon_wehrlei,6.52,54.15Plethodontidae,Plethodon_wehrlei,6.78,56.26Plethodontidae,Plethodon_wehrlei,6.82,60.5Plethodontidae,Plethodon_wehrlei,5.44,51.79Plethodontidae,Plethodon_welleri,4.87,43.03Plethodontidae,Plethodon_welleri,4.59,43.84Plethodontidae,Plethodon_welleri,4.46,41.12Plethodontidae,Plethodon_welleri,4.59,40.85Plethodontidae,Plethodon_welleri,4.78,39.54Plethodontidae,Plethodon_dorsalis,5.95,45.8Plethodontidae,Plethodon_dorsalis,5.19,39.27Plethodontidae,Plethodon_dorsalis,5.45,47.23Plethodontidae,Plethodon_dorsalis,5.23,44.13Plethodontidae,Plethodon_dorsalis,5.16,47.47Plethodontidae,Plethodon_yonahlossee,12.78,80.54Plethodontidae,Plethodon_yonahlossee,12.05,80.1Plethodontidae,Plethodon_yonahlossee,10.83,76.55Plethodontidae,Plethodon_yonahlossee,13.19,80.05Plethodontidae,Plethodon_yonahlossee,12.74,87.52Plethodontidae,Plethodon_ouachitae,8.58,64.19Plethodontidae,Plethodon_ouachitae,8.74,64.33Plethodontidae,Plethodon_ouachitae,7.65,56.31Plethodontidae,Plethodon_ouachitae,7.83,56.96Plethodontidae,Plethodon_ouachitae,8.87,63.8Plethodontidae,Plethodon_jordani,8.51,67.53Plethodontidae,Plethodon_jordani,7.73,60.95Plethodontidae,Plethodon_jordani,8.79,64.56Plethodontidae,Plethodon_jordani,9.51,67.06Plethodontidae,Plethodon_jordani,8.23,57.34Plethodontidae,Plethodon_teyahalee,11.33,86.82Plethodontidae,Plethodon_teyahalee,10.37,71.92Plethodontidae,Plethodon_teyahalee,9.71,69.63Plethodontidae,Plethodon_teyahalee,9.08,70Plethodontidae,Plethodon_teyahalee,8.03,63.34Plethodontidae,Plethodon_glutinosus,10.35,73.5Plethodontidae,Plethodon_glutinosus,10.5,73.91Plethodontidae,Plethodon_glutinosus,10.77,76.75Plethodontidae,Plethodon_glutinosus,10.08,73.28Plethodontidae,Plethodon_glutinosus,11.12,75.07Plethodontidae,Hemidactylium_scutatum,5.6,39.11Plethodontidae,Hemidactylium_scutatum,5.07,37.44Plethodontidae,Hemidactylium_scutatum,5.12,34.77Plethodontidae,Hemidactylium_scutatum,4.95,33.8Plethodontidae,Hemidactylium_scutatum,5.04,32.8Plethodontidae,Stereochilus_marginatus,5.03,49.57Plethodontidae,Stereochilus_marginatus,5.08,46.65Plethodontidae,Stereochilus_marginatus,4.4,41.02Plethodontidae,Stereochilus_marginatus,5.14,53.67Plethodontidae,Stereochilus_marginatus,4.98,44.08Plethodontidae,Pseudotriton_montanus,11.11,81.68Plethodontidae,Pseudotriton_montanus,12.56,82.68Plethodontidae,Pseudotriton_montanus,11.03,76.58Plethodontidae,Pseudotriton_montanus,12.27,79.23Plethodontidae,Pseudotriton_montanus,10.04,68.3Plethodontidae,Pseudotriton_ruber,12.12,78.97Plethodontidae,Pseudotriton_ruber,11.67,83.68Plethodontidae,Pseudotriton_ruber,10.89,76.3Plethodontidae,Pseudotriton_ruber,11.19,75.17Plethodontidae,Pseudotriton_ruber,11.92,82.8Plethodontidae,Gyrinophilus_porphyriticus,15.57,119.67Plethodontidae,Gyrinophilus_porphyriticus,13.33,99.44Plethodontidae,Gyrinophilus_porphyriticus,12.39,100.92Plethodontidae,Gyrinophilus_porphyriticus,12.51,100.7Plethodontidae,Gyrinophilus_porphyriticus,11.76,97.12Plethodontidae,Gyrinophilus_palleucus,10.25,70.53Plethodontidae,Gyrinophilus_palleucus,11.49,74.66Plethodontidae,Gyrinophilus_palleucus,12.46,84.01Plethodontidae,Gyrinophilus_palleucus,7.53,52.59Plethodontidae,Gyrinophilus_palleucus,8.25,57.85Plethodontidae,Eurycea_spelaea,6.7,48.65Plethodontidae,Eurycea_spelaea,5.65,47.47Plethodontidae,Eurycea_spelaea,6.95,41.01Plethodontidae,Eurycea_spelaea,6.2,38.55Plethodontidae,Eurycea_spelaea,5.56,42.62Plethodontidae,Eurycea_tynerensis,3.75,34.14Plethodontidae,Eurycea_tynerensis,3.75,32.22Plethodontidae,Eurycea_tynerensis,2.78,32.74Plethodontidae,Eurycea_tynerensis,3.39,33.84Plethodontidae,Eurycea_tynerensis,3.58,31.47Plethodontidae,Eurycea_multiplicata,4.61,40.81Plethodontidae,Eurycea_multiplicata,4.35,35.98Plethodontidae,Eurycea_multiplicata,3.71,35.09Plethodontidae,Eurycea_multiplicata,4.19,41.71Plethodontidae,Eurycea_multiplicata,3.98,40.21Plethodontidae,Eurycea_lucifuga,10.3,64.98Plethodontidae,Eurycea_lucifuga,11.25,66.75Plethodontidae,Eurycea_lucifuga,10.09,63.39Plethodontidae,Eurycea_lucifuga,9.66,61.13Plethodontidae,Eurycea_lucifuga,9.53,61.79Plethodontidae,Eurycea_wilderae,5.43,41.3Plethodontidae,Eurycea_wilderae,5.37,38.46Plethodontidae,Eurycea_wilderae,5.97,41.36Plethodontidae,Eurycea_wilderae,4.77,40.21Plethodontidae,Eurycea_wilderae,4.82,38.64Plethodontidae,Eurycea_bislineata,5.4,43.38Plethodontidae,Eurycea_bislineata,4.82,38.58Plethodontidae,Eurycea_bislineata,5.54,41.28Plethodontidae,Eurycea_bislineata,4.81,40.33Plethodontidae,Eurycea_bislineata,4.92,39.25Plethodontidae,Eurycea_junaluska,7.94,49.29Plethodontidae,Eurycea_junaluska,6.03,44.77Plethodontidae,Eurycea_junaluska,6.22,45.41Plethodontidae,Eurycea_junaluska,6.21,43.62Plethodontidae,Eurycea_junaluska,6.48,41.13Plethodontidae,Eurycea_quadridigitata,3.76,29.04Plethodontidae,Eurycea_quadridigitata,3.75,35.5Plethodontidae,Eurycea_quadridigitata,3.83,30.75Plethodontidae,Eurycea_quadridigitata,3.51,31.12Plethodontidae,Eurycea_quadridigitata,3.74,33.66Plethodontidae,Eurycea_rathbuni,11.18,56.5Plethodontidae,Eurycea_rathbuni,9.58,47.09Plethodontidae,Eurycea_nana,3.05,27.32Plethodontidae,Eurycea_nana,3.47,27.69Plethodontidae,Eurycea_nana,3.47,28.53Plethodontidae,Eurycea_nana,3.36,27.8Plethodontidae,Eurycea_nana,3.31,27.47Plethodontidae,Eurycea_neotenes,5.19,34.68Plethodontidae,Eurycea_neotenes,4.58,29.69Plethodontidae,Eurycea_neotenes,4.35,31Plethodontidae,Eurycea_neotenes,4.35,33.55Plethodontidae,Eurycea_neotenes,3.95,28.78Plethodontidae,Batrachoseps_wrighti,4.31,42.84Plethodontidae,Batrachoseps_wrighti,4.96,42.53Plethodontidae,Batrachoseps_wrighti,5.02,42.81Plethodontidae,Batrachoseps_wrighti,4.87,40.05Plethodontidae,Batrachoseps_wrighti,5.13,46.11Plethodontidae,Batrachoseps_attenuatus,3.84,41.21Plethodontidae,Batrachoseps_attenuatus,4,46.69Plethodontidae,Batrachoseps_attenuatus,4.79,46.54Plethodontidae,Batrachoseps_attenuatus,3.53,42.95Plethodontidae,Batrachoseps_attenuatus,3.57,39.9Plethodontidae,Batrachoseps_major,4.93,49.21Plethodontidae,Batrachoseps_major,4.77,44.16Plethodontidae,Batrachoseps_major,5.39,48.06Plethodontidae,Batrachoseps_major,4.87,52.7Plethodontidae,Batrachoseps_major,4.88,49.55Plethodontidae,Dendrotriton_bromeliacius,4.27,30.34Plethodontidae,Dendrotriton_bromeliacius,4.4,32.09Plethodontidae,Dendrotriton_bromeliacius,4,29.11Plethodontidae,Dendrotriton_bromeliacius,4.08,29.43Plethodontidae,Dendrotriton_bromeliacius,3.9,30.46Plethodontidae,Nototriton_richardi,2.92,23.56Plethodontidae,Nototriton_richardi,3.08,20.58Plethodontidae,Nototriton_richardi,2.82,20.95Plethodontidae,Nototriton_picadoi,3.78,34.08Plethodontidae,Nototriton_picadoi,3.6,28.76Plethodontidae,Nototriton_picadoi,4.06,32.55Plethodontidae,Nototriton_picadoi,3.42,26.62Plethodontidae,Nototriton_picadoi,3.45,27.35Plethodontidae,Thorius_macdougalli,3.52,27.63Plethodontidae,Thorius_macdougalli,2.68,20.1Plethodontidae,Thorius_macdougalli,2.66,19.49Plethodontidae,Thorius_macdougalli,2.97,24.57Plethodontidae,Thorius_macdougalli,2.68,20.58Plethodontidae,Thorius_troglodytes,2.56,21.02Plethodontidae,Thorius_troglodytes,2.79,21.39Plethodontidae,Thorius_troglodytes,2.41,20.11Plethodontidae,Thorius_troglodytes,2.57,23.59Plethodontidae,Thorius_troglodytes,2.69,23.48Plethodontidae,Oedipina_complex,3.42,25.8Plethodontidae,Oedipina_complex,3.42,33.1Plethodontidae,Oedipina_complex,2.7,21.62Plethodontidae,Oedipina_parvipes,3.68,41.21Plethodontidae,Oedipina_parvipes,3.65,43.85Plethodontidae,Oedipina_pseudouniformis,4.4,49.02Plethodontidae,Oedipina_pseudouniformis,3.88,41.88Plethodontidae,Oedipina_pseudouniformis,4.08,42.92Plethodontidae,Oedipina_pseudouniformis,3.52,39.71Plethodontidae,Oedipina_pseudouniformis,3.76,41.89Plethodontidae,Oedipina_poelzi,5.49,49.96Plethodontidae,Oedipina_poelzi,4.86,53.49Plethodontidae,Oedipina_poelzi,5.07,56.95Plethodontidae,Oedipina_poelzi,6.41,67.66Plethodontidae,Oedipina_poelzi,5.3,57.49Plethodontidae,Oedipina_gracilis,6.14,59.88Plethodontidae,Oedipina_uniformis,3.89,50.98Plethodontidae,Oedipina_uniformis,3.7,43.6Plethodontidae,Oedipina_uniformis,4.04,50.86Plethodontidae,Oedipina_uniformis,4.26,48.6Plethodontidae,Oedipina_uniformis,3.95,54.13Plethodontidae,Chiropterotriton_dimidiatus,3.43,27.25Plethodontidae,Chiropterotriton_dimidiatus,3.71,24.68Plethodontidae,Chiropterotriton_dimidiatus,3.31,24.46Plethodontidae,Chiropterotriton_dimidiatus,3.59,27.05Plethodontidae,Chiropterotriton_lavae,3.56,27.49Plethodontidae,Chiropterotriton_lavae,4.22,30.32Plethodontidae,Chiropterotriton_lavae,4.83,35.23Plethodontidae,Chiropterotriton_lavae,4.4,30.92Plethodontidae,Chiropterotriton_lavae,4.71,34.18Plethodontidae,Chiropterotriton_orculus,4.72,31.98Plethodontidae,Chiropterotriton_arboreus,4.92,38.54Plethodontidae,Chiropterotriton_arboreus,6.01,42.43Plethodontidae,Chiropterotriton_arboreus,4.95,36.43Plethodontidae,Chiropterotriton_arboreus,5.09,35.54Plethodontidae,Chiropterotriton_multidentatus,4.81,31.35Plethodontidae,Chiropterotriton_multidentatus,6.24,40.53Plethodontidae,Chiropterotriton_multidentatus,5.78,40.44Plethodontidae,Chiropterotriton_multidentatus,5.69,38.58Plethodontidae,Chiropterotriton_multidentatus,5.73,42.58Plethodontidae,Chiropterotriton_cracens,5.87,40.45Plethodontidae,Chiropterotriton_chondrostega,4.18,29.94Plethodontidae,Chiropterotriton_chondrostega,3.52,26.38Plethodontidae,Chiropterotriton_chondrostega,3.39,24.89Plethodontidae,Chiropterotriton_chondrostega,3.79,27.98Plethodontidae,Chiropterotriton_magnipes,3.58,26.42Plethodontidae,Chiropterotriton_magnipes,10.02,57.29Plethodontidae,Chiropterotriton_magnipes,9.44,53.53Plethodontidae,Chiropterotriton_magnipes,10.67,63.1Plethodontidae,Chiropterotriton_magnipes,10.17,59.42Plethodontidae,Chiropterotriton_priscus,10.28,61.64Plethodontidae,Chiropterotriton_priscus,6.38,42.6Plethodontidae,Chiropterotriton_priscus,6.7,43.22Plethodontidae,Chiropterotriton_priscus,6.06,42.67Plethodontidae,Chiropterotriton_priscus,5.09,34.07Plethodontidae,Chiropterotriton_terrestris,5.3,36.8Plethodontidae,Parvimolge_townsendi,2.93,23.11Plethodontidae,Parvimolge_townsendi,2.87,19.45Plethodontidae,Pseudoeurycea_cephalica,7.37,47.71Plethodontidae,Pseudoeurycea_cephalica,6.23,45.46Plethodontidae,Pseudoeurycea_cephalica,6.81,46.26Plethodontidae,Pseudoeurycea_cephalica,7.17,48.61Plethodontidae,Pseudoeurycea_cephalica,6.69,43.79Plethodontidae,Pseudoeurycea_galeanae,10.45,67.25Plethodontidae,Pseudoeurycea_galeanae,11.49,71.33Plethodontidae,Pseudoeurycea_galeanae,7.45,45.81Plethodontidae,Pseudoeurycea_galeanae,8.81,59.15Plethodontidae,Pseudoeurycea_galeanae,6.37,38.95Plethodontidae,Pseudoeurycea_scandens,9.77,60.18Plethodontidae,Pseudoeurycea_scandens,9,58.28Plethodontidae,Pseudoeurycea_scandens,9.92,63.34Plethodontidae,Pseudoeurycea_scandens,9.97,63.56Plethodontidae,Pseudoeurycea_scandens,9.49,57.67Plethodontidae,Pseudoeurycea_bellii,21.34,130.87Plethodontidae,Pseudoeurycea_bellii,14.54,101.54Plethodontidae,Pseudoeurycea_bellii,14.61,106.71Plethodontidae,Pseudoeurycea_bellii,15.49,104.11Plethodontidae,Pseudoeurycea_bellii,16.02,106.39Plethodontidae,Pseudoeurycea_werleri,8.46,52.4Plethodontidae,Pseudoeurycea_werleri,9.03,55.37Plethodontidae,Pseudoeurycea_werleri,8.52,51.06Plethodontidae,Pseudoeurycea_werleri,9.1,49.17Plethodontidae,Pseudoeurycea_werleri,7.94,46.41Plethodontidae,Pseudoeurycea_unguidentis,7.7,51.18Plethodontidae,Pseudoeurycea_unguidentis,6.28,38.64Plethodontidae,Pseudoeurycea_juarezi,7.07,46.21Plethodontidae,Pseudoeurycea_juarezi,6.3,41.06Plethodontidae,Pseudoeurycea_juarezi,6.6,44.64Plethodontidae,Pseudoeurycea_juarezi,7.12,50.24Plethodontidae,Pseudoeurycea_juarezi,6.51,42.72Plethodontidae,Pseudoeurycea_leprosa,6.43,55.37Plethodontidae,Pseudoeurycea_leprosa,7.3,56.22Plethodontidae,Pseudoeurycea_leprosa,7.95,56.86Plethodontidae,Pseudoeurycea_leprosa,7.35,57.12Plethodontidae,Pseudoeurycea_leprosa,6.52,49.1Plethodontidae,Pseudoeurycea_smithi,9.98,75.31Plethodontidae,Pseudoeurycea_smithi,10.42,71Plethodontidae,Pseudoeurycea_smithi,9.15,71.29Plethodontidae,Pseudoeurycea_smithi,11.03,73.77Plethodontidae,Pseudoeurycea_smithi,8.9,65.42Plethodontidae,Pseudoeurycea_brunnata,7.64,54.25Plethodontidae,Pseudoeurycea_brunnata,8.38,55.59Plethodontidae,Pseudoeurycea_brunnata,7.22,50.94Plethodontidae,Pseudoeurycea_brunnata,8.15,57.85Plethodontidae,Pseudoeurycea_brunnata,7.47,48.04Plethodontidae,Pseudoeurycea_exspectata,9.18,61.44Plethodontidae,Pseudoeurycea_exspectata,10.11,65.57Plethodontidae,Pseudoeurycea_exspectata,7.7,51.97Plethodontidae,Pseudoeurycea_exspectata,7.77,54.42Plethodontidae,Pseudoeurycea_exspectata,7.81,49.52Plethodontidae,Pseudoeurycea_goebeli,11.52,65.54Plethodontidae,Pseudoeurycea_goebeli,11.08,64.24Plethodontidae,Pseudoeurycea_goebeli,12.71,70.32Plethodontidae,Pseudoeurycea_goebeli,9.68,55.17Plethodontidae,Pseudoeurycea_goebeli,11.81,63.06Plethodontidae,Pseudoeurycea_rex,6,47.39Plethodontidae,Pseudoeurycea_rex,6.19,40.87Plethodontidae,Pseudoeurycea_rex,6.67,45.82Plethodontidae,Pseudoeurycea_rex,6.33,44.27Plethodontidae,Pseudoeurycea_rex,6.01,43.55Plethodontidae,Pseudoeurycea_gadovii,10.28,68.16Plethodontidae,Pseudoeurycea_gadovii,8.35,68.31Plethodontidae,Pseudoeurycea_gadovii,9.45,61.24Plethodontidae,Pseudoeurycea_gadovii,9.62,60.92Plethodontidae,Pseudoeurycea_gadovii,8.22,59.14Plethodontidae,Pseudoeurycea_cochranae,7.52,53.22Plethodontidae,Pseudoeurycea_cochranae,7.57,54.52Plethodontidae,Pseudoeurycea_cochranae,5.7,37.59Plethodontidae,Pseudoeurycea_cochranae,5.59,37.2Plethodontidae,Pseudoeurycea_cochranae,4.85,31.76Plethodontidae,Pseudoeurycea_robertsi,8.58,59.76Plethodontidae,Pseudoeurycea_robertsi,8.15,53.99Plethodontidae,Pseudoeurycea_robertsi,7.08,48.18Plethodontidae,Pseudoeurycea_robertsi,8.17,57.42Plethodontidae,Pseudoeurycea_robertsi,8.6,53.18Plethodontidae,Pseudoeurycea_altamontana,7.44,52.81Plethodontidae,Pseudoeurycea_altamontana,8.75,56.38Plethodontidae,Pseudoeurycea_altamontana,8.37,53.54Plethodontidae,Pseudoeurycea_altamontana,6.45,36.45Plethodontidae,Pseudoeurycea_altamontana,6.4,38.15Plethodontidae,Pseudoeurycea_longicauda,8.31,57.4Plethodontidae,Pseudoeurycea_longicauda,9.37,58.33Plethodontidae,Pseudoeurycea_longicauda,8.55,55.34Plethodontidae,Pseudoeurycea_longicauda,8.52,59.44Plethodontidae,Pseudoeurycea_longicauda,8.27,62.92Plethodontidae,Pseudoeurycea_tenchalli,7.41,51.51Plethodontidae,Bolitoglossa_cerroensis,9.19,72.47Plethodontidae,Bolitoglossa_cerroensis,9.06,70.81Plethodontidae,Bolitoglossa_cerroensis,8.87,70.69Plethodontidae,Bolitoglossa_cerroensis,8.47,68.88Plethodontidae,Bolitoglossa_minutula,7.99,65.65Plethodontidae,Bolitoglossa_epimela,5.44,38.94Plethodontidae,Bolitoglossa_epimela,6.3,42.97Plethodontidae,Bolitoglossa_epimela,5.16,38.18Plethodontidae,Bolitoglossa_sooyorum,6.21,43.7Plethodontidae,Bolitoglossa_subpalmata,7.16,51.04Plethodontidae,Bolitoglossa_subpalmata,6.23,47.38Plethodontidae,Bolitoglossa_subpalmata,6.95,52.33Plethodontidae,Bolitoglossa_subpalmata,6.71,51.91Plethodontidae,Bolitoglossa_tica,7.02,50.97Plethodontidae,Bolitoglossa_schizodactyla,10.02,67.16Plethodontidae,Bolitoglossa_schizodactyla,8.82,51.89Plethodontidae,Bolitoglossa_schizodactyla,8.64,53.54Plethodontidae,Bolitoglossa_schizodactyla,8.8,54.37Plethodontidae,Bolitoglossa_compacta,8.69,54.84Plethodontidae,Bolitoglossa_adspersa,7.06,50.26Plethodontidae,Bolitoglossa_adspersa,7.11,50.23Plethodontidae,Bolitoglossa_adspersa,6.33,47.36Plethodontidae,Bolitoglossa_adspersa,8.43,64.01Plethodontidae,Bolitoglossa_equatoriana,6.96,49.15Plethodontidae,Bolitoglossa_peruviana,4.84,38.19Plethodontidae,Bolitoglossa_peruviana,5.26,38.89Plethodontidae,Bolitoglossa_peruviana,4.83,36.94Plethodontidae,Bolitoglossa_peruviana,5.24,36.56Plethodontidae,Bolitoglossa_altamazonica,4.79,33.82Plethodontidae,Bolitoglossa_rufescens,6.22,43.99Plethodontidae,Bolitoglossa_rufescens,5.73,40.76Plethodontidae,Bolitoglossa_rufescens,5.52,36.09Plethodontidae,Bolitoglossa_rufescens,6.13,39.4Plethodontidae,Bolitoglossa_occidentalis,5.9,38.57Plethodontidae,Bolitoglossa_occidentalis,6.4,41.91Plethodontidae,Bolitoglossa_occidentalis,6.68,40.5Plethodontidae,Bolitoglossa_occidentalis,6.87,41.73Plethodontidae,Bolitoglossa_occidentalis,6.67,43.16Plethodontidae,Bolitoglossa_hartwegi,5.67,37.03Plethodontidae,Bolitoglossa_flaviventris,12.05,96.33Plethodontidae,Bolitoglossa_flaviventris,9.1,66.72Plethodontidae,Bolitoglossa_flaviventris,11.73,82.92Plethodontidae,Bolitoglossa_flaviventris,9.02,69.09Plethodontidae,Bolitoglossa_platydactyla,10.08,77.49Plethodontidae,Bolitoglossa_platydactyla,9.05,76.94Plethodontidae,Bolitoglossa_platydactyla,9.33,72.04Plethodontidae,Bolitoglossa_platydactyla,10.69,81.62Plethodontidae,Bolitoglossa_platydactyla,8.37,64.05Plethodontidae,Bolitoglossa_odonnelli,9.21,74.3Plethodontidae,Bolitoglossa_mexicana,10.12,67.31Plethodontidae,Bolitoglossa_mexicana,11.27,72.66Plethodontidae,Bolitoglossa_mexicana,10.09,72.77Plethodontidae,Bolitoglossa_mexicana,7.94,51.38Plethodontidae,Bolitoglossa_lignicolor,7.34,43.53Plethodontidae,Bolitoglossa_lignicolor,9.33,60.7Plethodontidae,Bolitoglossa_lignicolor,10.61,79.58Plethodontidae,Bolitoglossa_lignicolor,8.89,61.59Plethodontidae,Bolitoglossa_lignicolor,10.06,68.12Plethodontidae,Bolitoglossa_yucatana,8.83,60.15Plethodontidae,Bolitoglossa_engelhardti,6.74,42.35Plethodontidae,Bolitoglossa_engelhardti,7.05,43.64Plethodontidae,Bolitoglossa_engelhardti,8.35,51.55Plethodontidae,Bolitoglossa_rostrata,6.7,44.1Plethodontidae,Bolitoglossa_rostrata,7.68,48.53Plethodontidae,Bolitoglossa_rostrata,7.35,47.74Plethodontidae,Bolitoglossa_rostrata,8.03,58.76Plethodontidae,Bolitoglossa_rostrata,8.64,60.86Plethodontidae,Bolitoglossa_cuchumatana,7.95,53.07Plethodontidae,Bolitoglossa_helmrichi,6.55,40.39Plethodontidae,Bolitoglossa_helmrichi,7.05,46.5Plethodontidae,Bolitoglossa_helmrichi,6.93,44.24Plethodontidae,Bolitoglossa_alvaradoi,6.31,41.46Plethodontidae,Bolitoglossa_dofleini,5.68,33.15Plethodontidae,Bolitoglossa_lincolni,12.4,82.96Plethodontidae,Bolitoglossa_lincolni,9.42,55.55Plethodontidae,Bolitoglossa_lincolni,11.1,80.48Plethodontidae,Bolitoglossa_lincolni,9.28,52.58Plethodontidae,Bolitoglossa_franklini,8.37,52.66Plethodontidae,Bolitoglossa_franklini,11.23,72.76Plethodontidae,Bolitoglossa_franklini,9.52,60.5Plethodontidae,Bolitoglossa_franklini,8.76,53.13Plethodontidae,Bolitoglossa_franklini,9.06,55.75Plethodontidae,Bolitoglossa_decora,9.56,59.6Plethodontidae,Bolitoglossa_morio,9.7,66.46Plethodontidae,Bolitoglossa_morio,8.36,56.66Plethodontidae,Bolitoglossa_morio,8.21,47.41Plethodontidae,Bolitoglossa_morio,6.9,44.98Plethodontidae,Bolitoglossa_heiroreias,7.9,50.46